001.jpg oilish Polish polish Popish popish 
002.jpg PACT pact 
003.jpg part 
004.jpg NWbn 
005.jpg much 
006.jpg Seed seed 
007.jpg attacker attagirl attainor attargul carolers caroller darklier Littcarr markhoor markhors outcarol parolers sparkler Starford starkers startler starworm starwort stroller tacklers takeover Takoradi takrouri tarboard Tarnopol tartarly tarworks taskwork taurocol testator tetrifol tetrobol tetrolic thackoor titlarks titrator totaller trekboer tricolor tripolar trollers troubler troweler truckler twitlark variolar 
008.jpg Given given giver gives givey glove goave Grove grove Ioved Iover Ioves ogive 
009.jpg shtick sickie sticks sticky strick tickie 
010.jpg Bohi ohia Ohio ohio Shia shia Shig Shih shih Shii Shik shim Shin shin ship Shir shit shiv shri SMOH SOHO Soho soho soil soir soli Soni Soph soph sori sosh soth STOH Tshi tshi 
011.jpg profit 
012.jpg Bett 
013.jpg acinar acomia acoria caviar Chiari chimar chinar Choiak choirs Chozar Ciardi Ciccia cichar cigars cimbia cimier circar clinia clitia Clivia clivia Cnidia coaita coaler coarct coarse coater coaxer cobias codeia coelar coelia cogida coheir coiler coiner coital Colias Colier Colima colima Collar collar Colmar colmar comart comdia comida compar comvia Conard congii Coniah Conias conima copart copeia copier copita corcir Cordia cordia corial coriin Corina corita Corixa corkir Cornia cosier COSPAR COSTAR costar cottar cougar couxia covary Covina Coward coward cowier coxier cozier croiik Cronia Crotia foliar Koiari Odilia Ofilia oilier Olinia Olivia olivia Opilia otidia Otilia ovinia Sciara Scolia scolia scoria Scotia scotia 
014.jpg where 
015.jpg Weight weight 
016.jpg appall Arallu Argall carpal drupal empall emparl impall imparl oraler Oralla Oralle orally paella pairle palala paleal palely palfry palier Palila palila pallae pallah pallar Pallas pallas palled pallet pallia pallid pallor Pallua palmar Palmer palmer palolo palour palpal palter paltry palule paluli parale Parcel parcel pardal pareil parial parlay parled parles Parley parley parlia Parlin parlor parnel parole paroli parols parpal parral parrel partly patrol paular pealer Pearla Pearle pearls pearly pegall phalli plural plurel PROPAL pyalla railer railly Rallus rallye rarely realer really rearly recall refall repair repale repark repart Repeal repeal repoll rewall Royall rupial Spalla spalls thrall tripal tropal upcall upwall vorpal 
017.jpg Weight weight 
018.jpg boat 
019.jpg Marji samaj smaik Smail 
020.jpg Itoist 
021.jpg boid moid olid ooid Ovid ovid oxid psid Roid roid said Seid shod Sida sida side sidi sidy sild SIMD Sind sind skid slid slod snod soda sods sody soil soir sold soli sond Soni sord sori soud stid stod SUID suid SVID void zoid 
022.jpg Chin chin 
023.jpg flag 
024.jpg BCPL BIOC biol bloc BMOC BOAC Boca boca boce Bock bock boil Bol. bola bold bole bolk Boll boll Bolo bolo Bolt bolt bool Bosc boul bowl BPOC BSOC BTOL obol OCLC OCLI RBOC 
025.jpg SALT salt 
026.jpg Barth barth berth birth blart BLERT blirt blurt Blyth breth Brith brith broth 
027.jpg crime 
028.jpg falcer falces 
029.jpg Sleep sleep 
030.jpg sware 
031.jpg Animas animas Banias Caenis camias canals Candia Candis cangia Canica canids cannas canvas capias Caxias Conias Crania crania Cynias manias Scania 
032.jpg MiNE mine 
033.jpg CARE Care care 
034.jpg Atik Elik laik Lati lati Lick lick like Link link Lisk lisk liti Loti loti Luik slik tick tike Tiki tiki tink tuik 
035.jpg degree 
036.jpg Bell bell 
037.jpg choir Coire coirs color Conor cooer Coorg Coors 
038.jpg expect expert 
039.jpg rule 
040.jpg parcels Parcoal 
041.jpg degree 
042.jpg vivace 
043.jpg after 
044.jpg amok Arak arak Aram ARCM Ark. arks Arm. Arma arms army ARSM Arum arum ASRM bark barm cark dark farm Garm hark HARM harm jark Lark lark Mark mark marm nark Oark Park park Sark sark wark warm yark yarm 
045.jpg Moon moon 
046.jpg brain 
047.jpg NEWS news 
048.jpg gnarred gramper grapery grapier grasper gripers gripier gripper grooper gropers Gropper grouper gunport ignorer juniper pgnttrp unriper 
049.jpg RAN Ran ran 
050.jpg aillt atilt bitte Bitto bitts bitty Blatt BLitt Britt britt built CCITT ccitt Chilt cital dital Ditto ditto ditty DLitt Eilat Fiatt filet filth fitly Fitts fitty fritt gaitt gilet gilts gilty Gitel guilt Hiatt Hiett hilts Ietta Ihlat illth Imitt inlet intel intil intnl islet islot Isolt istle Ital. ital. Itala Itali Italo Italy italy Ivett ixtle iztle jilts kilts kilty Kitti Kitty kitty Klatt Latta Latty Letta Lette Letti Letts Letty lilts lilty Litta LittB LittD LittM Lotta Lotte Lotti lotto Lotty Lutts lytta Miett milit milts Milty milty mitts mitty Mitzl MLitt Nilot nilot nitta Nitti nitty pilot Pitta pitta Pitts Platt plott quilt Quitt silts silty Sitta Smitt spilt stilt stott tatta tatty tellt tetty tilth tilts tilty title titty totty tutti Tutto tutto tutty twalt twilt Twitt vital vitta Whitt Wiatt Wilts wilts Wiltz Witte Witty witty 
051.jpg horse 
052.jpg mikie Minie minie Mixie Sibie Sivie smile smite 
053.jpg shirt 
054.jpg eths Hals hals hols RTLS tels this Thos thos thus tils 
055.jpg Lilli Lulli talli Tilli 
056.jpg Sharp sharp 
057.jpg knot 
058.jpg neck 
059.jpg Ewold olden swoln woald Wodan Woden woden Wolds wolds woldy woold world would 
060.jpg meile Meill meril samel semel Smail smell smelt smile SMILS smily speil 
061.jpg Arnold arnold forold Garold Harold harold Herold holard Jerold Orford Polard rebold record refold reford remold remord resold retold reword roared roberd roiled Roland roland Roldan rolled roller Ronald ronald Ruford strold 
062.jpg Allen allen Ellen ellen linen Lynen Ollen 
063.jpg Iila ipil Ixil 
064.jpg Light light right 
065.jpg adjust 
066.jpg Ewell hewel Jewel jewel Leela lemel level Lewes Lewie Lewls Lewse Loewe Newel newel Sewel tewel 
067.jpg Bell bell 
068.jpg piolet pocket pollet poplet poulet 
069.jpg Green green 
070.jpg brothel 
071.jpg elne Lane lane lene Line line lone Lune lune Male male mane mele mene Mile mile MiNE mine MLEM Mler Mlle mnem Mole mole Moln mone mule 
072.jpg alce Arce arle Erce Erle lace LCIE LCSE lice Luce luce orle RACE Race race rale Rice rice rile RLCM role RSLE rule Ryle 
073.jpg Loss loss 
074.jpg tail 
075.jpg Foot foot 
076.jpg Porter porter 
077.jpg Arleng arling Erlang erring isling Orling raring relong rering riling ruling salung sarong seling Selung Serang serang sering serran siring slangs slangy slinge slings sluing slunge soling soring sorrel sorren sprang spreng Spring spring sprong Sprung sprung Strang strang streng string Strong strong strung suling sulung Suring syling urling 
078.jpg delire Delrey desire desole 
079.jpg shole slews Soble socle Solea solea soled solei Solen solen soler soles solve Soule sowle spole stole 
080.jpg sitio Spiro spiro 
081.jpg Lent lent 
082.jpg lotter 
083.jpg gases gasps gassy gasts Gauss gauss Geiss Giess gigas gists Glass glass glias gliss Goias GRASS Grass grass Iasus Miass 
084.jpg Sugar sugar 
085.jpg Fear fear 
086.jpg deter eater eerie enter Ester ester ether exter Meter meter neter Peter peter petri steri Terai terai Teria Terni Terri Terti uteri veter 
087.jpg Muscae muscae 
088.jpg Light light right 
089.jpg rate 
090.jpg butter 
091.jpg AAII Aili AISI alii Amii apii Isai Sadi sadi Safi SAIC saic said sail saim sain saip Sair sair Sais Saki saki SALI Sami Sari sari SASI sati Shii sidi sisi siti Tsai 
092.jpg Shii sidi sisi siti suci Sufi sufi sugi SUID suid suit Suiy suji Suki sumi Susi susi Suzi Tsui Ubii 
093.jpg snake 
094.jpg wehee wheel wheem wheen wheep wheer whees whein wheki where 
095.jpg scelp sheep Shepp shice shlep 
096.jpg glide glike glime Globe globe gloea glome glomi glore Glori glove gloze goloe Lodie logie Loire Loise Lonie looie Lorie Louie louie Lovie 
097.jpg poison 
098.jpg Forth forth morth North north Orth. ortho thort Thoth tooth Torah torah torch toret torot torta Torte torte Torto torts tourt Troth troth Truth truth TSORT Worth worth 
099.jpg bucket 
100.jpg ooid Pooi WHOI whoo Wood wood woof wool woom woon woos 
101.jpg graft Grant grant Grata grata grate Grath Grati Gratt Gratz Great great groat 
102.jpg ascebc cabble cobble cobbly cobcab saccli scabby scobby succub 
103.jpg sudden 
104.jpg Land land lend Lind lind lndg lond Lund Lynd Wald wand Weld weld Wend wend wild Wind wind wold Wyld wynd 
105.jpg STOL 
106.jpg artlet batlet cablet carbyl carlet carlot cartel cobalt corbel Corbet corbet Cortot crabit crabut crible Critta crotal Crotty crotyl curtal curtly cutlet orblet reblot rebolt riblet 
107.jpg Pain pain 
108.jpg Desi desi 
109.jpg aillt illth Lilla Lille Lilli Lillo Lilly lilly lilts lilty 
110.jpg push 
111.jpg Seem seem 
112.jpg Bord bord Cord cord ecod Egor elod ERDA Erda Erde Exod exor ezod feod Ferd ferd FORD Ford ford geod Gerd Gord herd Leod Leor Lord lord merd Mord mord nerd Nord oord orad ord. ordn ordo ordu ored OSRD seor sord verd Word word yerd 
113.jpg SOUND Sound sound 
114.jpg scale 
115.jpg with 
116.jpg kand keld kend Kiln kiln Kind kind Klan klan Koln Land land lend Lind lind lndg lond Lund Lynd 
117.jpg cloth 
118.jpg Carew Crewe crewe crews screw strew threw trews 
119.jpg aboard adcons arcana arcane archin archon arcing ARCNET arcsin arctan Ardeen Ardene ardent Ardine Ardoch Ardyce aricin Barcan Barden bardic boards boardy Bogard bogard bokard Bomarc Borden bordun Bovard boyard carcan Cardin cardin Cardon cardon coarct Conard cordon Coward coward Dardan dardan Darden Dardic dotard farcin Garcon garcon Garden garden gardon Godard Gordan Gorden Gordon Hardan Harden harden Hardin hoards hoared Hobard holard homard Howard jardin jardon Jordan jordan jorden Jordon larcin lardon loaden Lordan lordan Marcan Marcin Marden NARDAC Nardin norard Norden Nordic nordic Nordin oaring oarman obarne obarni Obbard Ogaden onward Oracon orcein orchen orcine orcins ordain ordene ovarin Oxnard pardon Polard pomard Rarden roared soared toward Varden Vardon Warden warden Worden Yordan 
120.jpg West west 
121.jpg Judge judge 
122.jpg Goat goat 
123.jpg animal 
124.jpg WD wd 
125.jpg Coln jeon Joan joan Jodl Joel joel John john join Jola jole Joli joll Jolo jolt Joly Jona Jone Joni Joon joul jowl Koln Moln Olen Olin soln Tjon 
126.jpg turn 
127.jpg choloid chookie choribi chorogi choroid Choroti Schilit schloop schmoos schnook scholia Schools schools scoliid Scorpii scyphoi shooing stichoi 
128.jpg halte Whale whale while White white whole whsle whute Whyte 
129.jpg Leeroy lepero 
130.jpg basin 
131.jpg tooth 
132.jpg face 
133.jpg Angel angel anger Angie Angle angle bange binge Diane diane dinge gange hange hinge image inane ingem Inger Ingle ingle Iyang kiang Lange Liane liane liang linge mange minge Piane pinge Range range Riane Ringe ringe Siang singe tiang tinge Vange viage 
134.jpg right 
135.jpg brail drail flail frail Grail grail Raila rails trail 
136.jpg baht Behl bhat Bhil bhut btl. BTOL Buhl buhl htel RBTL 
137.jpg acylal afocal alaloi bilalo calalu calgon calico caligo Calion Callao calloo callop Callot callot callow calool Calore calory calyon Camilo Canelo canelo Carlos carlot Carlow Caslon catalo Caylor cellos chalon chalot Charlo chello chillo chullo clamor claros claval clavel claxon clinal clival clonal Coello collop Colloq colloq collow Cullom facial facula faecal Falcon falcon Falito fallal Fallon fallow faucal fecial fecula felloe fellon Fellow fellow Ficula Filago filial fillos fiscal flabel flacon flagon flails flatly Flatto flauto Flavio flavor Floral floral folial follow frilal fulldo fullom furcal Laclos Laloma Laszlo Lawlor layloc SLALOM slalom zocalo 
138.jpg Public public 
139.jpg potato potboy 
140.jpg Alda Alea blea Clea dead deaf deal Dean dean DEAR dear deas deda deia deja Dela Dema Dena depa Deva deva Edea edea Elda Elea flea IDEA Idea idea ILEA ilea lade LDEF lea. Lead lead Leaf leaf Leah leak Leal leal leam Lean lean Leao LEAP leap Lear lear LEAS leas leat Leda leda lede Leia Lela Lema Lena lepa Leta leva Lexa Lida Lide Loda lode LPDA lude Lyda NDEA odea Olea olea plea Ulda 
141.jpg snaked snaker snakes snakey 
142.jpg Flower flower 
143.jpg Androw Darrow narrow Nedrow 
144.jpg ocelli Ocilla octile octoyl octyls oculli Olalla Otello Otwell pocill tallol 
145.jpg chob hobo hobs hoin hoit Holi holi Hopi hopi hoti HPIB Khoi thob WHOI 
146.jpg CLASS class Glass glass lases Lassa Lasse lasso lassu lasts plass quass 
147.jpg Bick bick BIOC Bock bock Cock cock Dick dick dioc dock FIOC hick Hock hock icky INOC IOCC iocs irok Jock jock kick Lick lick Lock lock Mick mick mock Nick nick nock Ocko pick pock Rick rick Rock rock sick sock tick tock Vick Wick wick yock 
148.jpg Hand hand 
149.jpg face 
150.jpg Fear fear 
151.jpg copper 
152.jpg adet debt deet deft Dent dent dept detd Deth deti detn Dett Deut Diet diet duet echt 
153.jpg shoe 
154.jpg IPLAN Nelan Nolan nylon panel Panna panne PCNFS pelfs pelon penal pendn Penn. Penna penna Penni penni Penny penny pilaf pilin pilon Pinal Pinel Pinna pinna pinny Pinon pinon pinyl plain Plana plane plang Plank plank Plano plans plant plena pleny pleon plink Pliny Plion plonk pluff plunk plupf Plzen Punan punny pylon spann 
155.jpg butter 
156.jpg Bill bill Call call cell cill CLLI Cllr coll Cull cull Dill dill fill Gill gill Hill hill Icel Ill. ill. Illa ills illy incl itll Jill jill kill lill Mill mill nill pill rill Sill sill Till till vill Will will yill zill 
157.jpg Flood flood 
158.jpg Doctor doctor Noctor octuor 
159.jpg doubt 
160.jpg meat 
161.jpg Arri arri Krti Riti Rori rort Roti roti RRIP 
162.jpg clean 
163.jpg Elenor Leanor Lenoir Lenora Lenore lentor Leonor lienor 
164.jpg Lili 
165.jpg wrong 
166.jpg Jarl jarl jarp jerl repl 
167.jpg Bront Broun Brout brunt Count count crout crunt drunt Fount fount front gront grout grunt Mount mount Prout prunt rohun Rouen rouen round roust route Routh routh routs runts runty Trout trout 
168.jpg regret 
169.jpg FREE Free free 
170.jpg crush 
171.jpg Lilli Lulli Ralli 
172.jpg ATTIS Attis tails tiles tills tilts tirls titis toils 
173.jpg ador dcor DCPR dioc Dior doc. dock DOCS docs doer DOHC door Dora dora DORE Dore dore Dori dork dorm Dorn dorn Doro dorp Dorr dorr dors Dort dort Dory dory douc dour Mdoc odor SDOC 
174.jpg Male male 
175.jpg Black black 
176.jpg pallier Peltier platier plotlib 
177.jpg flag 
178.jpg fact 
179.jpg nose 
180.jpg taste 
181.jpg snake 
182.jpg Cold cold 
183.jpg Alcott Alecto Allcot allect artlet atelic atlatl attach attack ATTCOM atteal attent attest Attica attice attics Attila attila Attlee batlet Battat battel battle cattle Fattal Hattic nattle pattle rattel rattle rattly sattle tattle wattle 
184.jpg inrush onrush scrush 
185.jpg ACAS CABS cabs cads CAIS CALS cals cams cans caps cars Casa casa CASE Case case Cash cash Casi cask Cass cass cast CASU cats caus cava caws cays Chas CRAS GCVS kvas ocas RCAS RCVS TCAS Vaas vacs VADS VANS vans vars Vasa vasa vase VASI Vass VAST vast vasu vats vaus vavs vaws vias 
186.jpg she 
187.jpg BAcc back Beck beck Bick bick Bock bock Buck buck cack cckw Cock cock cuck 
188.jpg wound 
189.jpg nation 
190.jpg fare fele fere file fire flea fled flee Flem flet flew flex fley floe Flor flor FLRA flue fole fore frae FRED Fred fred FREE Free free Frei fren freq fret Frey frey froe Frye lare lere lire Lore lore lure lyre 
191.jpg Good good 
